{
    "elapsed_time": 323.2711660861969,
    "mean_elapsed_time": 32.32711660861969,
    "peak_cpu": 24.25,
    "peak_logical_cpu": 7.76,
    "peak_memory": 3513.830078125
}