{
    "elapsed_time": 2233.4062802791595,
    "mean_elapsed_time": 223.34062802791595,
    "peak_cpu": 83.95,
    "peak_logical_cpu": 26.864,
    "peak_memory": 5769.37109375
}