{
    "elapsed_time": 12.99269962310791,
    "mean_elapsed_time": 1.299269962310791,
    "peak_cpu": 45.900000000000006,
    "peak_logical_cpu": 14.688000000000002,
    "peak_memory": 347.265625
}