{
    "elapsed_time": 12.983740091323853,
    "mean_elapsed_time": 1.2983740091323852,
    "peak_cpu": 14.85,
    "peak_logical_cpu": 4.752,
    "peak_memory": 100.302734375
}